"","inicio","cod","tamanho","desc"
"1",1,"V0101",4,"ANO DE REFERÊNCIA"
"2",5,"UF",2,"UNIDADE DA FEDERAÇÃO"
"3",5,"V0102",8,"NÚMERO DE CONTROLE"
"4",13,"V0103",3,"NÚMERO DE SÉRIE"
"5",16,"V0301",2,"NÚMERO DE ORDEM"
"6",18,"V0302",1,"SEXO"
"7",19,"V3031",2,"DIA DE NASCIMENTO"
"8",21,"V3032",2,"MÊS DE NASCIMENTO"
"9",23,"V3033",4,"ANO DE NASCIMENTO"
"10",27,"V8005",3,"IDADE DO MORADOR"
"11",30,"V0401",1,"CONDIcAO NA UNIDADE DOMICILIAR"
"12",31,"V0402",1,"CONDIcAO NA FAMÍLIA"
"13",32,"V0403",1,"NÚMERO DA FAMÍLIA"
"14",33,"V0404",1,"COR OU RACA"
"15",34,"V0405",1,"TEM MaE VIVA"
"16",35,"V0406",1,"MAE MORA NO DOMICÍLIO"
"17",36,"V0407",2,"NÚMERO DE ORDEM DA MAE"
"18",38,"V0408",1,"TEM REGISTRO DE NASCIMENTO"
"19",39,"V0409",1,"MOTIVO PARA CONVIVER"
"20",40,"V0410",1,"INTENCAO DE MUDAR"
"21",41,"v0412",1,"INFORMANTE PARTE 4"
"22",42,"V0501",1,"NASCEU NO MUNICÍPIO"
"23",43,"V0502",1,"NASCEU NA UF"
"24",44,"V5030",2,"CÓDIGO UF/PAÍS ONDE NASCEU"
"25",46,"V0504",1,"MOROU NOUTRA UF/PAIS"
"26",47,"V0505",1,"MORAVA NA UF NA DATA DE REFER."
"27",48,"V5061",1,"MORAVA NA UF ATÉ 4 ANOS"
"28",49,"V5062",1,"Nº DE ANOS, ATÉ 4"
"29",50,"V5063",1,"MORAVA NA UF DE 5 A 9 ANOS"
"30",51,"V5064",1,"Nº DE ANOS, DE 5 A 9"
"31",52,"V5065",1,"MORAVA NA UF HÁ 10 ANOS OU +"
"32",53,"V0507",1,"MORAVA NA UF 5 ANOS ANTES"
"33",54,"V5080",2,"UF/PAÍS ONDE MORAVA HÁ 5 ANOS"
"34",56,"V5090",2,"UF/PAÍS ONDE MOROU ANTERIOMENTE"
"35",58,"V0510",1,"MORAVA NO MUN. NA DATA REFER."
"36",59,"V0511",1,"MOROU NOUTRO MUNICÍPIO DA UF"
"37",60,"V5121",1,"MORAVA NO MUNIC. ATÉ 4 ANOS"
"38",61,"V5122",1,"Nº DE ANOS NO MUNIC,ATÉ 4 ANOS"
"39",62,"V5123",1,"MORAVA NO MUNIC.,DE 5 A 9 ANOS"
"40",63,"V5124",1,"Nº DE ANOS NO MUNIC.,5 A 9 ANOS"
"41",64,"V5125",1,"MORAVA NO MUN. HÁ 10 ANOS OU +"
"42",65,"V5126",1,"INFORMANTE PARTE 5"
"43",66,"V0601",1,"SABE LER E ESCREVER"
"44",67,"V0602",1,"FREQÜENTA ESCOLA"
"45",68,"V6002",1,"REDE DE ENSINO"
"46",69,"V6003",2,"CURSO QUE FREQÜENTA"
"47",71,"V6030",1,"DURACAO DO CURSO"
"48",72,"V0604",1,"O CURSO É SERIADO"
"49",73,"V0605",1,"SÉRIE QUE FREQÜENTA"
"50",74,"V0606",1,"ANTERIORMENTE FREQÜENTOU ESCOLA"
"51",75,"V6007",2,"CURSO + ELEVADO Q FREQÜENTOU"
"52",77,"V6070",1,"DURACAO DO CURSO"
"53",78,"V0608",1,"O CURSO ERA SERIADO"
"54",79,"V0609",1,"CONCLUIU C/ APROVA@O 1ª SÉRIE"
"55",80,"V0610",1,"ÚLTIMA SÉRIE CONCLUÍDA"
"56",81,"V0611",1,"CONCLUIU O CURSO"
"57",82,"V0612",1,"INFORMANTE PARTE 6"
"58",83,"V0701",1,"TRABALHOU PERIODO REF 365 DIAS"
"59",84,"V0702",1,"PRODUCAO P/ O PRÓPRIO CONSUMO"
"60",85,"V0703",1,"CONSTRUCAO P/ O PRÓPRIO USO"
"61",86,"V0704",1,"TRABALHOU NA SEMANA REFERÊNCIA"
"62",87,"V0705",1,"ESTAVA AFASTADO TEMPORIAMENTE"
"63",88,"V7060",4,"CÓDIGO DA OCUPACAO - ANO"
"64",92,"V7070",5,"CÓDIGO DA ATIVIDADE - ANO"
"65",97,"V0708",1,"POSICAO NA OCUPACAO - ANO"
"66",98,"V7090",4,"CÓDIGO DA OCUPACAO - SEMANA"
"67",102,"V7100",5,"CÓDIGO DA ATIVIDADE - SEMANA"
"68",107,"V0711",1,"POSICAO NA OCUPACAO - SEMANA"
"69",108,"V7121",1,"RENDIMENTO MENSAL EM DINHEIRO"
"70",109,"V7122",12,"VALOR DO RENDIMENTO EM DINHEIRO"
"71",121,"V7124",1,"REND. MENSAL PRODUTOS/MERCADOR."
"72",122,"V7125",12,"VALOR EM PRODUTOS/MERCADORIAS"
"73",134,"V7127",1,"REND. MENSAL SOMENTE BENEFÍCIOS"
"74",135,"V7128",1,"NAO REMUNERADO"
"75",136,"V0713",2,"HORAS TRABALHADAS - SEMANA"
"76",138,"V0714",1,"CUIDAVA DE AFAZERES DOMÉSTICOS"
"77",139,"V0715",2,"HORAS DEDICADAS A AFAZ. DOMÉST"
"78",141,"V0716",1,"INFORMANTE DA PARTE 7"
"79",142,"V9001",1,"TRABALHOU NA SEMANA REFERÊNCIA"
"80",143,"V9002",1,"PRODUCAO P/ O PRÓPRIO CONSUMO"
"81",144,"V9003",1,"CONSTRUCAO P/ O PRÓPRIO USO"
"82",145,"V9004",1,"ESTAVA AFASTADO TEMPORIAMENTE"
"83",146,"V9005",1,"NÚMERO DE TRABALHOS - SEMANA"
"84",147,"V9906",4,"CÓDIGO OCUPACAO - SEMANA"
"85",151,"V9907",5,"CÓDIGO DA ATIVIDADE - SEMANA"
"86",156,"V9008",2,"POSICAO NA OCUPACAO - AGRÍCOLA"
"87",158,"V9009",1,"RECEBIA ÁREA DO EMPREGADOR"
"88",159,"V9010",1,"PARCERIA COM O EMPREGADOR"
"89",160,"V9011",1,"CONTRADO POR PESSOA DO ESTAB."
"90",161,"V9012",1,"CONTRADO POR INTERMEDIÁRIO"
"91",162,"V9013",1,"RECEBIA AJUDA DE NAO-RENUMERADO"
"92",163,"V9014",1,"NÚMERO DE NAO-REMUNERADOS"
"93",164,"V9151",1,"1ª ÁREA - EMPREGADOR"
"94",165,"V9152",11,"AREA DO ESTABELECIMENTO"
"95",176,"V9154",7,"EQUIVALENCIA EM M2 DE V9152"
"96",183,"V9156",1,"2ª REA - EMPREGADOR"
"97",184,"V9157",11,"AREA DO ESTABELECIMENTO"
"98",195,"V9159",7,"EQUIVALENCIA EM M2 DE V9157"
"99",202,"V9161",1,"3ª ÁREA - EMPREGADOR"
"100",203,"V9162",11,"AREA DO ESTABELECIMENTO"
"101",214,"V9164",7,"EQUIVALENCIA EM M2 DE V9162"
"102",221,"V9016",1,"TINHA EMPREGADO TEMPORÁRIO"
"103",222,"V9017",1,"Nº DE EMPREGADOS TEMPORÁRIOS"
"104",223,"V9018",1,"TINHA EMPREGADO PERMANENTE"
"105",224,"V9019",1,"Nº DE EMPREGADOS PERMANENTES"
"106",225,"V9201",1,"1ª ÁREA - CONTA PRÓPRIA"
"107",226,"V9202",11,"AREA DO ESTABELECIMENTO"
"108",237,"V9204",7,"EQUIVALENCIA EM M2 DE V9202"
"109",244,"V9206",1,"2ª ÁREA - CONTA PRÓPRIA"
"110",245,"V9207",11,"AREA DO ESTABELECIMENTO"
"111",256,"V9209",7,"EQUIVALENCIA EM M2 DE V9207"
"112",263,"V9211",1,"3ª ÁREA - CONTA PRÓPRIA"
"113",264,"V9212",11,"AREA DO ESTABELECIMENTO"
"114",275,"V9214",7,"EQUIVALENCIA EM M2 DE V9212"
"115",282,"V9021",1,"COND. EM REL. AO EMPREENDIMENTO"
"116",283,"V9022",1,"PARCERIA CONTRATADA"
"117",284,"V9023",1,"FORMA PGTO. DO ARRENDAMENTO"
"118",285,"V9024",1,"COMPROMISSO VENDER PARTE PROD."
"119",286,"V9025",1,"VENDEU PARTE DA PRODUCAO"
"120",287,"V9026",1,"QUEM COMPROU ESTA PARTE"
"121",288,"V9027",1,"PARTE DA PRODUCAO CONSUMIDA"
"122",289,"V9028",1,"PARCELA CONSUMIDA P MORADORES"
"123",290,"V9029",1,"POSICAO NA OCUPACAO N-AGRÍCOLA"
"124",291,"V9030",1,"JORNADA DE TRABALHO ENTRE 5-22H"
"125",292,"V9031",1,"JORNADA DE TRABALHO ENTRE 22-5H"
"126",293,"V9032",1,"SETOR DO EMPREGO"
"127",294,"V9033",1,"ÁREA DO EMPREGO"
"128",295,"V9034",1,"ERA MILITAR"
"129",296,"V9035",1,"ERA ESTATUTÁRIO"
"130",297,"V9036",1,"SERV. DOMÉSTICO EM. + DE 1 DOM."
"131",298,"V9037",1,"TRAB. PELO MENOS 1X P/ SEMANA"
"132",299,"V9038",1,"N DIAS Q TRABALHAVA P/SEMANA"
"133",300,"V9039",1,"N. DIAS Q TRABALHAVA P/MÊS"
"134",301,"V9040",1,"N. PESSOAS OCUP. NESSE EMPREGO"
"135",302,"V9041",1,"FORMA DE CONTRATO DA REMUNERAC."
"136",303,"V9042",1,"CARTEIRA ASSINADA"
"137",304,"V9043",1,"RECEBEU AUX. MORADIA"
"138",305,"V9044",1,"RECEBEU AUX. ALIMENTACAO"
"139",306,"V9045",1,"RECEBEU AUX. TRANSPORTE"
"140",307,"V9046",1,"RECEBEU AUX. EDUCACAO/CRECHE"
"141",308,"V9047",1,"RECEBEU AUX. SAUDE/REABILITACAO"
"142",309,"V9048",1,"Nº EMPREGADOS Q OCUPAVA"
"143",310,"V9049",1,"TINHA P/MENOS 1 SÓCIO OCUPADO"
"144",311,"V9050",1,"Nº SOCIOS OCUP. NESSE TRABALHO"
"145",312,"V9051",1,"OCUPOU P/MENOS 1 NAO-REMUNERADO"
"146",313,"V9052",1,"Nº NAO-REMUNERADOS"
"147",314,"V9531",1,"RENDIMENTO MENSAL EM DINHEIRO"
"148",315,"V9532",12,"VALOR DO RENDIMENTO EM DINHEIRO"
"149",327,"V9534",1,"REND. MENSAL PRODUTOS/MERCADOR."
"150",328,"V9535",12,"VALOR EM PRODUTOS/MERCADORIAS"
"151",340,"V9537",1,"REND. MENSAL SOMENTE BENEFÍCIOS"
"152",341,"V9054",1,"TIPO DE ESTABELECIMENTO"
"153",342,"V9055",1,"MORAVA NO ESTAB. DE TRABALHO"
"154",343,"V9056",1,"IA DIRETO DOM./RESID. P/ TRAB."
"155",344,"V9057",1,"TEMPO DE PERCURSO RES.-TRAB."
"156",345,"V9058",2,"HORAS TRAB. P/SEMANA"
"157",347,"V9059",1,"CONTRIBUIA P/ INST. PREVIDÊNCIA"
"158",348,"V9060",1,"TIPO INST. DE PREVIDÊNCIA"
"159",349,"V9611",2,"N ANOS DE TRABALHO"
"160",351,"V9612",2,"N MESES DE TRABALHO"
"161",353,"V9062",1,"SAIU DE ALGUM TRABALHO NO ANO"
"162",354,"V9063",1,"Nº DE TRABALHOS QUE SAIU"
"163",355,"V9064",2,"N MESES NESSE TRAB. ANTERIOR"
"164",357,"V9065",1,"CARTEIRA ASSINADA NESSE TRAB."
"165",358,"V9066",1,"RECEBEU SEGURO DESEMPREGO"
"166",359,"V9067",1,"TRABALHOU NOS 358 DIAS"
"167",360,"V9068",1,"PRODUCAO P/ O PRÓPRIO CONSUMO"
"168",361,"V9069",1,"CONSTRUCAO P/ O PRÓPRIO USO"
"169",362,"V9070",1,"Nº DE TRABALHOS DE QUE SAIU"
"170",363,"V9971",4,"CÓDIGO DA OCUPACAO - 358 DIAS"
"171",367,"V9972",5,"CÓDIGO DA ATIVIDADE - 358 DIAS"
"172",372,"V9073",2,"POSICAO NA OCUPACAO - AGRÍCOLA"
"173",374,"V9074",1,"RECEBIA ÁREA DO EMPREGADOR"
"174",375,"V9075",1,"PARCERIA COM O EMPREGADOR"
"175",376,"V9076",1,"COND. EM REL. AO EMPREENDIMENTO"
"176",377,"V9077",1,"POSICAO OCUPACAO - N-AGRÍCOLA"
"177",378,"V9078",1,"SETOR DO EMPREGO - 358 DIAS"
"178",379,"V9079",1,"ÁREA DO EMPREGO - 358 DIAS"
"179",380,"V9080",1,"ERA MILITAR - 358 DIAS"
"180",381,"V9081",1,"ERA ESTATUTÁRIO - 358 DIAS"
"181",382,"V9082",1,"SERV. DOMÉSTICO EM. + DE 1 DOM."
"182",383,"V9083",1,"CARTEIRA ASSINADA - 358 DIAS"
"183",384,"V9084",1,"RECEBEU SEGURO DESEMPREGO"
"184",385,"V9085",1,"CONTRIBUIA P/ INST. PREVIDÊNCIA"
"185",386,"V9861",2,"ANOS NESSE TRABALHO - 358 DIAS"
"186",388,"V9862",2,"MESES NESSE TRABALHO - 358 DIAS"
"187",390,"V9087",1,"ASSOCIADO À SINDICATO - ANO"
"188",391,"V9088",1,"TIPO DE SINDICATO - ANO"
"189",392,"V9891",1,"CÓDIGO DA V9892"
"190",393,"V9892",2,"IDADE QUE COMECOU A TRABALHAR"
"191",395,"V9990",4,"CÓD OCUPACAO - TRAB. SECUNDÁRIO"
"192",399,"V9991",5,"CÓD ATIVIDADE - TRAB. SECUND."
"193",404,"V9092",1,"POS. OCUPACAO - TRAB. SECUND."
"194",405,"V9093",1,"SETOR EMPREGO - TRAB. SECUND."
"195",406,"V9094",1,"ÁREA EMPREGO - TRAB. SECUNDÁRIO"
"196",407,"V9095",1,"ERA MILITAR - TRAB. SECUNDÁRIO"
"197",408,"V9096",1,"ERA ESTATUTÁRIO - TRAB.SECUND."
"198",409,"V9097",1,"CARTEIRA ASS. TRAB. SECUNDÁRIO"
"199",410,"V9981",1,"RENDIMENTO TRAB. SECUNDÁRIO"
"200",411,"V9982",12,"VALOR DO RENDIMENTO EM DINHEIRO"
"201",423,"V9984",1,"REND. MENSAL PRODUTOS/MERCADOR."
"202",424,"V9985",12,"VALOR EM PRODUTOS/MERCADORIAS"
"203",436,"V9987",1,"REND. MENSAL SOMENTE BENEFÍCIOS"
"204",437,"V9099",1,"CONTRIBUIA P/ INST. PREVIDÊNCIA"
"205",438,"V9100",1,"TIPO INSTITUTO DE PREVIDÊNCIA"
"206",439,"V9101",2,"HORAS TRABALHADAS - TRAB. SEC."
"207",441,"V1021",1,"RENDIMENTO OUTROS TRABALHOS"
"208",442,"V1022",12,"VALOR DO RENDIMENTO EM DINHEIRO"
"209",454,"V1024",1,"REND. MENSAL PRODUTOS/MERCADOR."
"210",455,"V1025",12,"VALOR EM PRODUTOS/MERCADORIAS"
"211",467,"V1027",1,"REND. MENSAL SOMENTE BENEFÍCIOS"
"212",468,"V1028",1,"NAO REMUNERADO"
"213",469,"V9103",1,"CONTRIBUIA P/ INST. PREVIDÊNCIA"
"214",470,"V9104",1,"TIPO INSTITUTO DE PREVIDÊNCIA"
"215",471,"V9105",2,"HORAS TRABALHADAS - OUTROS TRAB"
"216",473,"V9106",1,"TEVE TRABALHO ANTES DO ANO"
"217",474,"V9107",1,"PRODUCAO P/ O PRÓPRIO CONSUMO"
"218",475,"V9108",1,"CONSTRUCAO P/ O PRÓPRIO USO"
"219",476,"V1091",2,"N ANOS QUE SAIU DESTE TRABALHO"
"220",478,"V1092",2,"N MESES Q SAIU DESTES TRABALHO"
"221",480,"V9910",4,"CÓD. OCUPACAO NESTE TRABALHO"
"222",484,"V9911",5,"CÓD. ATIVIDADE NESTE TRABALHO"
"223",489,"V9112",1,"POS. OCUPACAO NESTE TRABALHO"
"224",490,"V9113",1,"ERA MILITAR/ESTATUTÁRIO"
"225",491,"V9114",1,"CARTEIRA ASS. NESTE TRABALHO"
"226",492,"V9115",1,"PROCUROU TRAB. NA SEMANA"
"227",493,"V9116",1,"PROCUROU TRAB. NO MÊS"
"228",494,"V9117",1,"PROCUROU TRAB. MÊS ANTERIOR"
"229",495,"V9118",1,"PROCUROU TRAB. NO ANO"
"230",496,"V9119",1,"ÚLTIMA PROVIDÊNCIA Q TOMOU"
"231",497,"V9120",1,"CONTRIBUIA INST. PREV. PRIVIDA"
"232",498,"V9121",1,"CUIDAVA AFAZERES DOMESTICOS"
"233",499,"V9921",2,"HORAS P/ SEM. AFAZERES DOMEST."
"234",501,"V9122",1,"APOSENTADO PREV. OFICIAL"
"235",502,"V9123",1,"PENSIONISTA PREV. OFICIAL"
"236",503,"V9124",1,"RECEBIA REND. NAO TRABALHO"
"237",504,"V1251",2,"RECEBIA APOSENTADORIA INST.PREV"
"238",506,"V1252",12,"VALOR DA APOSENTADORIA"
"239",518,"V1254",2,"RECEBIA PENSAO INST. PREV."
"240",520,"V1255",12,"VALOR DA PENSAO"
"241",532,"V1257",2,"RECEBIA OUTRO TIPO APOSENTADORI"
"242",534,"V1258",12,"VALOR DESTA APOSENTADORIA"
"243",546,"V1260",2,"RECEBIA OUTRO TIPO PENSAO"
"244",548,"V1261",12,"VALOR DESTA PENSAO OUTRA"
"245",560,"V1263",2,"RECEBIA ABONO DE PERMANÊNCIA"
"246",562,"V1264",12,"VALOR DO ABONO DE PERMANENCIA"
"247",574,"V1266",2,"RECEBIA ALUGUEL"
"248",576,"V1267",12,"VALOR DO ALUGUEL"
"249",588,"V1269",2,"RECEBIA DOACAO DE NAO MORADOR"
"250",590,"V1270",12,"VALOR DA DOACAO NAO MORADOR"
"251",602,"V1272",2,"RECEBIA OUTROS RENDIMENTOS"
"252",604,"V1273",12,"VALOR DOS OUTROS RENDIMENTOS"
"253",616,"V9126",1,"INFORMANTE PARTE 9"
"254",617,"V1101",1,"ALGUM FILHO NASCIDO VIVO"
"255",618,"V1141",2,"N FILHOS Q MORAM NO DOMICILIO"
"256",620,"V1142",2,"N FILHAS Q MORAM NO DOMICILIO"
"257",622,"V1151",2,"N FILHOS Q MORAM NOUTRO LOCAL"
"258",624,"V1152",2,"N FILHAS Q MORAM NOUTRO LOCAL"
"259",626,"V1153",1,"IGNORA Nº FILHOS NOUTRO LOCAL"
"260",627,"V1154",1,"IGNORA Nº FILHAS NOUTRO LOCAL"
"261",628,"V1161",2,"N FILHOS QUE MORRERAM"
"262",630,"V1162",2,"N FILHAS QUE MORRERAM"
"263",632,"V1163",1,"IGNORA Nº FILHOS QUE MORRERAM"
"264",633,"V1164",1,"IGNORA Nº FILHAS QUE MORRERAM"
"265",634,"V1107",1,"SEXO ÚLTIMO FILHO NASCIDO VIVO"
"266",635,"V1181",2,"MES ÚLTIMO FILHO NASCIDO VIVO"
"267",637,"V1182",4,"ANO ÚLTIMO FILHO NASCIDO VIVO"
"268",641,"V1109",1,"ÚLT. FILHO NASC.VIVO AINDA VIVO"
"269",642,"V1110",1,"FILHO NASC.MORTO, GEST 7 MESES"
"270",643,"V1111",2,"N FILHOS NASCIDOS MORTOS"
"271",645,"V1112",2,"N FILHAS NASCIDAS MORTAS"
"272",647,"V1113",1,"IGNORA Nº FILHOS NASC. MORTOS"
"273",648,"V1114",1,"IGNORA Nº FILHAS NASC. MORTAS"
"274",649,"v1115",1,"NFORMANTE P 11"
"275",650,"V4801",2,"GRAU E SÉRIE FREQUENTOU I"
"276",652,"V4802",2,"GRAU E SÉRIE FREQUENTOU II"
"277",654,"V4803",2,"ANOS DE ESTUDO"
"278",656,"V4704",1,"COND. ATIVIDADE SEMANA, 10 OU +"
"279",657,"V4805",1,"COND. OCUPACAO SEMANA, 10 OU +"
"280",658,"V4706",2,"POS. OCUP TRAB. PRIN. 10 OU +"
"281",660,"V4707",1,"HORAS TRAB. TODOS TRABS, 10 OU+"
"282",661,"V4808",1,"AGRIC./NAO AGRIC., 10 OU +"
"283",662,"V4809",2,"GRUPOS ATIV TRAB PRINC, 10 OU +"
"284",664,"V4810",2,"GRUPOS OCUP TRAB PRINC, 10 OU +"
"285",666,"V4711",1,"CONTRIBUIA P/ PREV., 10 OU +"
"286",667,"V4812",1,"ATIV. TRAB. PRINC ANO, 5 OU +"
"287",668,"V4713",1,"COND. ATIVIDADE NO ANO 5 OU +"
"288",669,"V4814",1,"COND. OCUPACAO NO ANO 5 OU +"
"289",670,"V4715",2,"POS. OCUP. TRAB. ANO, 5 OU +"
"290",672,"V4816",2,"GRUPOS ATIV. TRAB ANO, 5 OU +"
"291",674,"V4817",2,"GRUPOS OCUP. TRAB ANO, 5 OU +"
"292",676,"V4718",12,"REND MENSAL TRABALHO PRINCIPAL"
"293",688,"V4719",12,"REND MENSAL TODOS OS TRABALHOS"
"294",700,"V4720",12,"REND MENSAL TODAS AS FONTES"
"295",712,"V4721",12,"REND MENSAL DOMICILIAR, 10 OU+"
"296",724,"V4722",12,"REND MENSAL FAMILIAR (C/ AGREG)"
"297",736,"V4723",2,"TIPO DE FAMILIA"
"298",738,"V4724",2,"N COMPONENTES FAM I (C/AGREG)"
"299",740,"V4727",1,"CÓD. ÁREA CENSITÁRIA"
"300",741,"V4728",1,"CÓD. SITUACAO CENSITARIA"
"301",742,"V4729",5,"PESO DA PESSOA"
"302",747,"V4732",5,"PESO DA FAMILIA"
"303",752,"V4735",1,"CONTROLE TAB FECUNDIDADE"
"304",753,"V4838",1,"GRUPOS ANOS DE ESTUDO, 5 OU +"
"305",754,"V6502",1,"CRIANCA 5 A 17"
"306",755,"V4741",2,"N COMPONENTES DOM I (C/AGREG)"
"307",757,"V4742",12,"RENDIMENTO DOMICILIAR PERCAP"
"308",769,"V4743",2,"FAIXAS REND DOM PER CAPITA"
"309",771,"V4745",1,"NÍVEL DE INSTRUCAO MAIS ELEVADO"
"310",772,"V4746",1,"SITUAÇ@O DA OCUPAÇ@O NA SEMANA"
"311",773,"V4747",1,"ATIVIDADE PRINCIPAL EMPREEND."
"312",774,"V4748",1,"ATIVIDADE PRINCIPAL EMPREEND."
"313",775,"V4749",1,"SITUACAO NA OCUPACAO"
"314",776,"V4750",12,"REND. MENSAL FAM. PER CAPITA"
"315",788,"V2701",1,"FREQUENCIA DE FUMO ATUALMENTE"
"316",789,"V2702",1,"FUMOU NO PASSADO"
"317",790,"V2703",1,"FREQUENCIADE FUMO NO PASSADO"
"318",791,"V2704",1,"TOTAL CIGARROS DA VIDA INTEIRA ESTÁ ENTRE 5 ou 100"
"319",792,"V2705",2,"IDADE QUE COMEÇOU A FUMAR"
"320",794,"V27051",1,"NÃO SABE A IDADE QUE COMEÇOU A FUMAR"
"321",795,"V2706",2,"TEMPO QUE COMEÇOU A FUMAR"
"322",797,"V27061",1,"NÃO SABE O TEMPO QUE COMEÇOU A FUMAR"
"323",798,"V2707",2,"IDADE QUE COMEÇOU A FUMAR DIARIAMENTE"
"324",800,"V27071",1,"NÃO SABE IDADE QUE COMEÇOU A FUMAR DIARIAMENTE"
"325",801,"V2708",2,"TEMPO QUE COMEÇOU A FUMAR DIARIAMENTE"
"326",803,"V27081",1,"NÃO SABE TEMPO QUE COMEÇOU A FUMAR  DIARIAMENTE"
"327",804,"V27091",1,"FAIXA DE CIGARROS INDUSTR QUE FUMA POR DIA"
"328",805,"V7201",3,"QUANTIDADE DE CIGARROS INDUSTR QUE FUMA POR DIA"
"329",808,"V27092",1,"FAIXA DE CIGARROS PALHA OU ENROLADOS A MÃO QUE FUMA POR DIA"
"330",809,"V7202",3,"QUANTID DE CIGARROS PALHA OU ENROLADOS A MÃO FUMA POR DIA"
"331",812,"V27093",1,"FAIXA DE CIGARROS DE CRAVO/BALI QUE FUMA POR DIA"
"332",813,"V7203",3,"QUANTIDADE DE CIGARROS DE CRAVO/BALI QUE FUMA POR DIA"
"333",816,"V27094",1,"FAIXA DE BIDIS/CIGARR INDIANOS QUE FUMA POR DIA"
"334",817,"V7204",3,"QUANTIDADE DE BIDIS/CIGARR INDIANOS QUE FUMA POR DIA"
"335",820,"V27095",1,"FAIXA DE CACHIMBOS QUE FUMA POR DIA"
"336",821,"V7205",3,"QUANTIDADE DE CACHIMBOS QUE FUMA POR DIA"
"337",824,"V27096",1,"FAIXA DE CHARUTOS QUE FUMA POR DIA"
"338",825,"V7206",3,"QUANTIDADE DE CHARUTOS QUE FUMA POR DIA"
"339",828,"V27097",1,"FAIXA DE NARGUILÉ QUE FUMA POR DIA"
"340",829,"V7207",3,"QUANTIDADE DE SESSÕES DE NARGUILÉ QUE FUMA POR DIA"
"341",832,"V27098",1,"FAIXA DE OUTROS QUE FUMA POR DIA"
"342",833,"V7208",3,"QUANTIDADE DE OUTROS QUE FUMA POR DIA"
"343",836,"V2710",1,"FAIXA DE TEMPO DEPOIS DE ACORDAR FUMA P PRIMEIRA VEZ"
"344",837,"V2711",2,"TOTAL DIAS  FUMOU PROD TABACO ÚLTIMO MES"
"345",839,"V27111",1,"NÃO SABE QUANTOS DIAS FUMOU PROD TABACO ÚLTIMO MES"
"346",840,"V2712",2,"Idade COMEÇOU A FUMAR OCASIONALMENTE"
"347",842,"V27121",1,"NÃO SABE IDADE COMEÇOU A FUMAR OCASIONALMENTE"
"348",843,"V2713",2,"TEMPO Q COMEÇOU A FUMAR PROD TABACO OCASIONALMENTE"
"349",845,"V27131",1,"NÃO SABE TEMPO Q COMEÇOU FUMAR PROD TABACO OCASIONALMENTE"
"350",846,"V2714",2,"IDADE COMEÇOU FUMAR DIARIAMENTE"
"351",848,"V27141",1,"NÃO LEMBRA IDADE COMEÇOU FUMAR DIARIAMENTE"
"352",849,"V2715",2,"TEMPO QUE COMEÇOU FUMAR DIARIAMENTE"
"353",851,"V27151",1,"NÃO SABE TEMPO QUE COMEÇOU FUMAR DIARIAMENTE"
"354",852,"V27161",1,"FAIXA DE CIGARROS INDUST Q FUMA POR SEMANAL"
"355",853,"V7209",3,"QUANTIDADE DE CIGARROS INDUST Q FUMA POR SEMANAL"
"356",856,"V27162",1,"FAIXA DE CIGARROS PALHA/ENROLADOS A MÃO FUMA POR SEMANA"
"357",857,"V7210",3,"QUANTIDADE DE CIGARROS PALHA/ENROLADOS A MÃO FUMA POR SEMANA"
"358",860,"V27163",1,"FAIXA DE CIGARROS DE CRAVO/BALI FUMA POR SEMANA"
"359",861,"V7211",3,"QUANTIDADE DE CIGARROS DE CRAVO/BALI FUMA POR SEMANA"
"360",864,"V27164",1,"FAIXA DE BIDIS/CIGARROS INDIANOS FUMA POR SEMANA"
"361",865,"V7212",3,"QUANTIDADE DE BIDIS/CIGARROS INDIANOS FUMA POR SEMANA"
"362",868,"V27165",1,"FAIXA DE CACHIMBO FUMA POR SEMANA"
"363",869,"V7213",3,"QUANTIDADE DE  CACHIMBOS FUMA POR SEMANA"
"364",872,"V27166",1,"FAIXA DE  CHARUTOS FUMA POR SEMANA"
"365",873,"V7214",3,"QUANTIDADE DE CHARUTOS/CIGARRILHAS FUMA POR SEMANA"
"366",876,"V27167",1,"FAIXA DE NARGUILÉ FUMA POR SEMANA"
"367",877,"V7215",3,"QUANTIDADE DE NARGUILÉ FUMA POR SEMANA"
"368",880,"V27168",1,"FAIXA DE OUTROS POR SEMANA"
"369",881,"V7216",3,"QUANTIDADE DE OUTROS POR SEMANA"
"370",884,"V2717",2,"IDADE COMEÇOU FUMAR PROD TABACO OCASIONALMENTE"
"371",886,"V27171",1,"NÃO SABE IDADE COMEÇOU FUMAR TABACO OCASIONALMENTE"
"372",887,"V2718",2,"TEMPO COMEÇOU FUMAR PROD TABACO OCASIONALMENTE"
"373",889,"V27181",1,"NÃO SABE TEMPO COMEÇOU FUMAR TABACO OCASIONALMENTE"
"374",890,"V2719",2,"IDADE COMEÇOU FUMAR PROD TABACO DIARIAMENTE"
"375",892,"V27191",1,"NÃO SABE IDADE COMEÇOU FUMAR TABACO DIARIAMENTE"
"376",893,"V2720",2,"HÁ QUANTOS ANOS COMEÇOU FUMAR TABACO DIARIAMENTE"
"377",895,"V27201",1,"NÃO SABE HÁ QUANTOS ANOS COMEÇ FUMAR TABACO DIARIAMENTE"
"378",896,"V2721",1,"FAIXA TEMPO QUE PAROU DE FUMAR"
"379",897,"V7217",3,"QUANTIDADE DE ANOS QUE PAROU FUMAR"
"380",900,"V7218",3,"QUANTIDADE DE MESES QUE PAROU FUMAR"
"381",903,"V7219",3,"QUANTIDADE DE SEMANAS QUE PAROU FUMAR"
"382",906,"V7220",3,"QUANTIDADE DE DIAS QUE PAROU FUMAR"
"383",909,"V2722",1,"ÚLTI 12 MESES FOI ATENDIDO P MÉDICO OU PROF SAÚ"
"384",910,"V2723",1,"ÚLTI 12 MESES QTS VEZES ATENDIDO P MÉDICO OU PROF SAÚ"
"385",911,"V2724",1,"ÚLT 12 MES ALG MÉD OU PROF SAÚ PERGUNTOU SE FUMAVA"
"386",912,"V2725",1,"DURANTE ESTE ATEND FOI ACONSELH A PARAR FUMAR"
"387",913,"V2726",1,"FOI ACONSELH A PARAR FUMAR PELO SUS"
"388",914,"V7221",1,"PROF SAÚ ACONSELH A CESSAÇ@O DE FUMAR"
"389",915,"V7229",1,"SUS ACONSELH A CESSAÇ@O DE FUMAR"
"390",916,"V7222",1,"FEZ REPOSIÇ@O DE NICOTINA C ADESIVO, PAST, SPRAY,INALA"
"391",917,"V7230",1,"FEZ REPOSIÇ@O NICOTINA PELO SUS"
"392",918,"V7223",1,"OUTROS MEDICAM COM RECEITA MÉDICA"
"393",919,"V7231",1,"RECBEU MEDIC RECEITA MÉD PELO SUS"
"394",920,"V7224",1,"HOMEOPATIA, ACUPUNTURA"
"395",921,"V7232",1,"FEZ HOMEOPATIA, ACUPUNTURA PELO SUS"
"396",922,"V7225",1,"CHAS, ERVAS OU PLANTAS MEDICINAIS"
"397",923,"V7226",1,"SERVIÇO DE AJUDA POR TEL PARA PARAR FUMAR"
"398",924,"V7227",1,"TROCOU P OUTRO PROD DO TABACO NÃO FAZ FUMAÇA"
"399",925,"V7228",1,"ALGUM OUTRO"
"400",926,"V7233",2,"VIU Nº TEL PARAR FUMAR NAS EMBALAGENS, OU MAÇOS CIGARR"
"401",928,"V7234",2,"VIU Nº TEL PARAR FUMAR POR MÉDICO OU PROF SAÚDE"
"402",930,"V7235",2,"VIU Nº TEL PARAR FUMAR MÉD OU PROF SAÚ PARTICULAR"
"403",932,"V7236",2,"VIU Nº TEL PARAR FUMAR NA INTERNET"
"404",934,"V7237",2,"VIU Nº TEL PARAR FUMAR NO RÁDIO"
"405",936,"V7238",2,"VIU Nº TEL PARAR FUMAR NA TELEVIS@O"
"406",938,"V7239",2,"VIU Nº TEL PARAR FUMAR NOS OUTDOORS/PÔSTERES"
"407",940,"V7240",2,"VIU Nº TEL PARAR FUMAR NOS FOLHETOS INFORMT"
"408",942,"V7241",2,"VIU Nº TEL PARAR FUMAR NOS JORNAIS OU REVISTAS"
"409",944,"V7242",2,"VIU Nº TEL PARAR FUMAR ATRAV AMIGO/FAMILIAR/CONHECIDOS"
"410",946,"V7243",2,"OUTROS"
"411",948,"V2730",1,"ÚLT 12 MESES FOI ATENDIDO POR MÉD OU PROF SAÚ"
"412",949,"V2731",1,"TOT VEZES FOI ATENDIDO P MÉD OU PROF SAÚ NOS ÚLT 12 MESES"
"413",950,"V2732",1,"ÚLT 12 MES DURANTE CONSUL POR MÉD OU PROF SAÚ PERG SE FUMAVA"
"414",951,"V2733",1,"ÚLT 12 MES DURANTE CONSUL FOI ACONSELH A PARAR FUMAR"
"415",952,"V2734",1,"ESTE ATENDIMENTO FOI PELO SUS"
"416",953,"V2735",1,"ÚLT 12 MESES TENTOU PARA DE FUMAR"
"417",954,"V2736",1,"FAIXA TEMPO PERMANECEU SEM FUMAR"
"418",955,"V7244",3,"QUANTID MESES PERMANECEU SEM FUMAR"
"419",958,"V7245",3,"QUANTID SEMANAS PERMANECEU SEM FUMAR"
"420",961,"V7246",3,"QUANTID DIAS PERMANECEU SEM FUMAR"
"421",964,"V7247",1,"PROCEDIMENTO P PARAR FUMAR ACONSELH PROF SAÚ/CLÍNICAS"
"422",965,"V7255",1,"RECEBEU ACONSELHAMENTO NO SUS"
"423",966,"V7248",1,"REPOSIÇ@O DE NICOTINA/PASTILHAS/SPRAY/INALADOR/GOMA MASCAR"
"424",967,"V7256",1,"RECEBEU REPOSIÇAO NICOTINA PELO SUS"
"425",968,"V7249",1,"OUTRO MEDICAMEN C RECEITA MÉDICAS"
"426",969,"V7257",1,"RECEBEU MEDICAM COM RECEITA MÉD PELO SUS"
"427",970,"V7250",1,"HOMEOPATIA, ACUPUNTURA"
"428",971,"V7258",1,"RECEBEU HOMEOPATIA, ACUPUNTURA PELO SUS"
"429",972,"V7251",1,"CHÁS, ERVAS/PLANTAS MEDICINAIS"
"430",973,"V7252",1,"SERVIÇOS AJUDA POR TEL PARAR FUMAR"
"431",974,"V7253",1,"TROCOU P OUTRO PROD TABACO NÃO FAZ FUMAÇA"
"432",975,"V7254",1,"ALGUM OUTRO ( ESPECIFIQUE)"
"433",976,"V7259",2,"VIU Nº TEL PARAR FUMAR NAS EMBALAGENS, OU MAÇOS CIGARR"
"434",978,"V7260",2,"VIU Nº TEL PARAR FUMAR POR MÉD OU PROF SAÚDE  DO SUS"
"435",980,"V7261",2,"VIU Nº TEL PARAR FUMAR POR MÉD OU PROF SAÚDE PARTIC"
"436",982,"V7262",2,"VIU Nº TEL PARAR FUMAR NA INTERNET"
"437",984,"V7263",2,"VIU Nº TEL PARAR FUMAR NO RÁDIO"
"438",986,"V7264",2,"VIU Nº TEL PARAR FUMAR NA TELEVIS@O"
"439",988,"V7265",2,"VIU Nº TEL PARAR FUMAR NOS OUTDOORS/PÔSTERES"
"440",990,"V7266",2,"VIU Nº TEL PARAR FUMAR NOS FOLHETOS INFORMT"
"441",992,"V7267",2,"VIU Nº TEL PARAR FUMAR NOS JORNAIS OU REVISTAS"
"442",994,"V7268",2,"VIU Nº TEL PARAR FUMAR ATRAV AMIGO/FAMILIAR/CONHECIDOS"
"443",996,"V7269",2,"OUTROS"
"444",998,"V2740",1,"MELHOR ALTER DESCREVE MELHOR O Q PENSA SOBRE PARA FUMAR"
"445",999,"V2741",1,"ATUAL MASCA FUMO, RAPÉ OU QQ PROD TABACO NÃO FAZ FUMAÇA"
"446",1000,"V2742",1,"PASSADO MASC FUMO, RAPÉ QQ PROD TABACO NÃO FAZ FUMAÇA DIARIM"
"447",1001,"V2743",1,"PASSADO MASCOU FUMO, RAPÉ QQ PROD TABACO NÃO FAZ FUMAÇ"
"448",1002,"V2744",2,"IDADE QD COMEÇ A MASC FUMO, QQ PROD TAB NÃO FAZ FUMAÇ OCASION"
"449",1004,"V27441",1,"NÃO SABE/ NAÕ LEMBRA IDADE Q COMEÇOU"
"450",1005,"V2745",2,"TOT ANOS COMEÇOU MASC FUMO,QQ PROD TAB NÃO FAZ FUMAÇ OCASION"
"451",1007,"V27451",1,"NÃO SABE/ NÃO LEMBRA IDADE"
"452",1008,"V2746",2,"IDADE QD COMEÇ A MASC FUMO,QQ PROD TAB NÃO FAZ FUMAÇ DIARIA"
"453",1010,"V27461",1,"NÃO SABE/ NÃO LEMBRA IDADE"
"454",1011,"V2747",2,"TOT ANOS COMEÇ MASC FUMO,QQ PROD TAB NÃO FAZ FUMAÇ DIARIA"
"455",1013,"V27471",1,"NÃO SABE/ NÃO LEMBRA IDADE"
"456",1014,"V27481",1,"FAIXA DE QTS VEZES P DIA USA RAPÉ"
"457",1015,"V7270",3,"TOTAL VEZES  P DIA USA RAPÉ"
"458",1018,"V27482",1,"FAIXA DE QTS VEZES P DIA USA FUMO DE MASCAR"
"459",1019,"V7271",3,"TOTAL VEZES  P DIA USA FUMO DE MASCAR"
"460",1022,"V27483",1,"FAIXA DE QTS VEZES P DIA USA SNUS/SNUFFS (PELA BOCA)"
"461",1023,"V7272",3,"TOTAL VEZES P DIA USA SNUS/SNUFFS (PELA BOCA)"
"462",1026,"V27484",1,"FAIXA DE OUTROS (ESPECIFIQUE)"
"463",1027,"V7273",3,"TOTAL VEZES DE OUTROS"
"464",1030,"V2749",1,"FAIXA DE TEMPO DEPOIS DE ACORDAR MASCA  P PRIMEIRA VEZ"
"465",1031,"V2750",2,"IDADE COMEÇOU A MASCAR/ QQ PROD TABACO SEM FUMAÇA OCASIONAL"
"466",1033,"V27501",1,"NÃO SABE/ NÃO LEMBRA"
"467",1034,"V2751",2,"TOT ANOS COMEÇ MASC FUMO,QQ PROD TAB NÃO FAZ FUMAÇ OCASIO"
"468",1036,"V27511",1,"NÃO SABE/ NÃO LEMBRA"
"469",1037,"V2752",2,"IDADE COMEÇOU A MASCAR/ QQ PROD TABACO SEM FUMAÇ DIARIA"
"470",1039,"V27521",1,"NÃO SABE/ NÃO LEMBRA"
"471",1040,"V2753",2,"TOT ANOS COMEÇ MASC FUMO,QQ PROD TAB NÃO FAZ FUMAÇ DIARIA"
"472",1042,"V27531",1,"NÃO SABE/ NÃO LEMBRA"
"473",1043,"V27491",1,"FAIXA DE QTS VEZES POR SEMANA USA RAPÉ"
"474",1044,"V7274",3,"TOTAL VEZES  POR SEMANA USA RAPÉ"
"475",1047,"V27492",1,"FAIXA DE QTS VEZES P SEMANA USA FUMO DE MASCAR"
"476",1048,"V7275",3,"TOTAL VEZES  P SEMANA USA FUMO DE MASCAR"
"477",1051,"V27493",1,"FAIXA DE QTS VEZES P SEMANA USA SNUS/SNUFFS (PELA BOCA)"
"478",1052,"V7276",3,"TOTAL VEZES P SEMANA USA SNUS/SNUFFS (PELA BOCA)"
"479",1055,"V27494",1,"FAIXA DE OUTROS (ESPECIFIQUE)"
"480",1056,"V7277",3,"TOTAL VEZES DE OUTROS"
"481",1059,"V2755",2,"IDADE COMEÇOU A MASCAR/ QQ PROD TABACO SEM FUMAÇA OCASIONAL"
"482",1061,"V27551",1,"NÃO SABE/ NÃO LEMBRA"
"483",1062,"V2756",2,"TOT ANOS COMEÇ MASC FUMO,QQ PROD TAB NÃO FAZ FUMAÇ OCASIO"
"484",1064,"V27561",1,"NÃO SABE/ NÃO LEMBRA"
"485",1065,"V2757",2,"IDADE COMEÇOU A MASCAR/ QQ PROD TABACO SEM FUMAÇ DIARIA"
"486",1067,"V27571",1,"NÃO SABE/ NÃO LEMBRA"
"487",1068,"V2758",2,"TOT ANOS COMEÇ MASC FUMO,QQ PROD TAB NÃO FAZ FUMAÇ DIARIA"
"488",1070,"V27581",1,"NÃO SABE/ NÃO LEMBRA"
"489",1071,"V2759",1,"FAIXA DE TEMP PAROU DE MASCAR FUMO QQ PROD TABACO SEM FUMAÇA"
"490",1072,"V7278",3,"QUANTIDADE DE ANOS QUE PAROU FUMAR"
"491",1075,"V7279",3,"QUANTIDADE DE MESES QUE PAROU FUMAR"
"492",1078,"V7280",3,"QUANTIDADE DE SEMANAS QUE PAROU FUMAR"
"493",1081,"V7281",3,"QUANTIDADE DE DIAS QUE PAROU FUMAR"
"494",1084,"V2760",1,"FAIXA DE NORMAS SOBRE FUMAR DENTRO DA SUA CASA"
"495",1085,"V2761",1,"DENTRO DE SUA CASA É PERM FUMAR EM TODOS LUGARES"
"496",1086,"V2762",1,"FAIXA DE FREQ ALGUEM FUMA DENTRO DE SUA CASA"
"497",1087,"V2763",1,"ATUALMENTE TRABALHA FORA DE CASA"
"498",1088,"V2764",1,"NORMALMENTE TRAB EM AMBIENTES FECHADOS OU ABERTOS"
"499",1089,"V2765",1,"EXISTEM AMBIENTES FECHADOS EM SEU LOCAL DE TRAB"
"500",1090,"V2766",1,"FAIXA NORMAS SOBRE FUMAR NOS AMBIENTES FECHADOS NO TRAB"
"501",1091,"V2767",1,"ÚLTI 30 DIAS ALGUEM FUMOU AMBIEN FECHA NO TRAB"
"502",1092,"V2768",1,"ÚLTI 30 DIAS ESTEVE EM ALGUM PRÉDIO OU ESCRIT DO GOV"
"503",1093,"V2769",1,"ALGUEM FUMOU DENTRO DE PRED OU ESCRT DO GOV ÚLT 30 DIAS"
"504",1094,"V2770",1,"ÚLTI 30 DIAS ESTEVE EM ALGUM ESTAB DE SAÚDE"
"505",1095,"V2771",1,"ALGUEM FUMOU DENTRO DO ESTAB DE SAÚDE"
"506",1096,"V2772",1,"ÚLTI 30 DIAS FOI A ALGUM RESTAURANTE"
"507",1097,"V2773",1,"ALGUEM FUMOU EM AMBIENTE FECHADO DO RESTAURANTE"
"508",1098,"V2774",1,"ÚLT 30 DIAS USOU ALGUM TRANSPORTE PÚBLICO"
"509",1099,"V2775",1,"ALGUEM FUMOU DENTRO DO TRANSPORTE PÚBLICO"
"510",1100,"V2776",1,"CONHECE/ACREDITA, RESPIRAR FUMAÇ DOS OUTR PROVOC DOEN GRAVES"
"511",1101,"V2777",1,"COM BASE,CONHEC/ACRED, FUMAR CAUSA DOENÇAS GRAVES"
"512",1102,"V7282",1,"COM BASE,CONHEC/ACREDITA FUMAR CAUSA DERRAME"
"513",1103,"V7283",1,"COM BASE,CONHEC/ACRED FUMAR CAUSA ATAQUE CARDÍACO"
"514",1104,"V7284",1,"COM BASE,CONHEC/ACRED FUMAR CAUSA CÂNCER DE PULMÃO"
"515",1105,"V2779",1,"CONHEC/ACRED USAR TABACO SEM FUMAÇ CAUSA DOENÇAS GRAVES"
"516",1106,"V2780",1,"FAIXA DE UNIDADE DE COMPRA DE CIGARROS"
"517",1107,"V7285",3,"QUANTIDADE DE CIGARROS QUE COMPROU"
"518",1110,"V7286",3,"QUANTIDADE DE MAÇOS DE CIGARROS QUE COMPROU"
"519",1113,"V7287",3,"QUANTIDADE CIGARROS HAVIA EM CADA MAÇO"
"520",1116,"V7288",3,"QUANTIDADE DE PACOTES DE CIGARROS QUE COMPROU"
"521",1119,"V7289",3,"QUANTIDADE CIGARROS HAVIA EM CADA PACOTE"
"522",1122,"V7290",3,"QUANTIDADE DE OUTROS"
"523",1125,"V7291",3,"QUANTIDADE CIGARROS HAVIA EM CADA ?"
"524",1128,"V2781",9,"NO TOTAL, QUANTO PAGOU POR ESTA COMPRA"
"525",1137,"V2782",2,"FAIXA DE LOCALIDADE ONDE COMPROU ÚLTIMA VEZ"
"526",1139,"V7292",1,"ÚLT 30 DIAS VIU/OUVIU INFORM P PARAR FUMAR JORNAIS/REVISTA"
"527",1140,"V7293",1,"ÚLT 30 DIAS VIU/OUVIU INFORM P PARAR FUMAR NA TELEVIS@O"
"528",1141,"V7294",1,"ÚLT 30 DIAS VIU/OUVIU INFORM P PARAR FUMAR NO RÁDIO"
"529",1142,"V7295",1,"ÚLT 30 DIAS VIU/OUVIU INFORM P PARAR FUMAR OUTDOOR/POSTER"
"530",1143,"V7296",1,"ÚLT 30 DIAS VIU/OUVIU INFORM P PAR FUMAR NOS FOLHETOS INFORM"
"531",1144,"V7297",1,"ÚLT 30 DIAS VIU/OUVIU INFORM P PARAR FUMAR EM OUTRO LUGAR"
"532",1145,"V2784",1,"ÚLT 30 DIAS VIU FOTOS SOB RISCO DE FUMAR NOS MAÇOS"
"533",1146,"V2785",1,"ÚLT 30 DIAS VIU FOTOS LEVARAM A PENSAR EM PARAR DE FUMAR"
"534",1147,"V2786",1,"ATÉ Q PONT AS FOTOS FIZERAM PENSAR EM PARAR DE FUMAR"
"535",1148,"V7298",1,"OBSERVOU PROPAGANDA NOS PONTOS DE VENDAS DE CIGARROS"
"536",1149,"V7299",1,"OBSERVOU PROPAGANDA EM FILMES BRASILEIROS"
"537",1150,"V7300",1,"OBSERVOU PROPAGANDA EM FILMES ESTRANGEIROS"
"538",1151,"V7301",1,"OBSERVOU PROPAGANDA NA INTERNET"
"539",1152,"V7302",1,"OBSERVOU PROPAGANDA EM ALGUM OUTRO LUGAR"
"540",1153,"V2788",1,"ÚLT 30 DIAS VIU ESPORTE/EVENTOS ASSOCIA A MARCA OU EMP CIGAR"
"541",1154,"V7303",1,"ÚLT 30 DIAS  REC OFERTA DE AMOSTRA GRÁTIS DE CIGARRO"
"542",1155,"V7304",1,"ÚLT 30 DIAS  REC VENDA DE CIGARROS COM DESCONTOS"
"543",1156,"V7305",1,"ÚLT 30 DIAS OFERTA DE BRINDES/DESC EM PROD AO COMPRAR CIGAR"
"544",1157,"V7306",1,"ÚLT 30 DIAS ROUPAS OU ITENS C MARCA DE CIGARROS"
"545",1158,"V7307",1,"OUTROS"
"546",1159,"V7308",1,"ÚLT 30 DIAS VIU ARTISTAS FUMANDO EM NOVELAS/PROG TV"
"547",1160,"V7309",1,"ÚLT 30 DIAS VIU ARTISTAS FUMANDO FILMES BRASILEIROS"
"548",1161,"V7310",1,"ÚLT 30 DIAS VIU ARTISTAS FUMANDO FILMES ESTRANGEIROS"
"549",1162,"V7311",1,"ÚLT 30 DIAS VIU ARTISTAS FUMANDO PEÇA DE TEATRO"
"550",1163,"V7312",1,"ÚLT 30 DIAS VIU ARTISTAS FUMANDO EM OUTROS"
"551",1164,"V2791",1,"MODO DE PROIBIÇ@O DE PROPAGANDA NO BRASIL"
"552",1165,"SELEC",1,"MOR. SEL. PETab"
"553",1166,"PESPET",5,"PESO DO MORADOR SELEC. PETab"
"554",1171,"V2201",1,"INFORMANTE PARTE 22"
"555",1172,"V2202",2,"Nº ORDEM DO INFORMANTE PARTE 22"
"556",1174,"V2203",1,"UTILIZOU INTERNET EM ALGUM LOCAL"
"557",1175,"V22031",1,"ÚLT 3 MESES UTIL INTERNET DISCADA NO DOM"
"558",1176,"V22032",1,"ÚLT 3 MESES UTIL INTERNET BANDA LARGA NO DOM"
"559",1177,"V22033",1,"ÚLT 3 MESES UTIL INTERNET NO TRAB"
"560",1178,"V22034",1,"ÚLT 3 MESES UTIL INTERNET CURSO Q FREQ"
"561",1179,"V22035",1,"ÚLT 3 MESES UTIL INTERNET CENTRO PÚBL GRÁTIS"
"562",1180,"V22036",1,"ÚLT 3 MESES UTIL INTERNET CENTRO PÚBL PAGO"
"563",1181,"V22037",1,"ÚLT 3 MESES UTIL INTERNET DOMIC OUTR PARENTS"
"564",1182,"V22041",1,"ÚLT 3 MESES UTIL INTERNET SE COMUNIC COM OUTS PESS"
"565",1183,"V22042",1,"ÚLT 3 MESES UTIL INTERNET COMPRAR OU ENC BENS OU SERVIÇ"
"566",1184,"V22043",1,"ÚLT 3 MESES UTIL INTERNET TRANSA BANCÁRIA"
"567",1185,"V22044",1,"ÚLT 3 MESES UTIL INTERNET INTERAGIR COM  AUTORIDADES"
"568",1186,"V22045",1,"ÚLT 3 MESES UTIL INTERNET EDUCAÇ E APRENDIZ"
"569",1187,"V22046",1,"ÚLT 3 MESES UTIL INTERNET LER JORNAIS OU REVIS"
"570",1188,"V22047",1,"ÚLT 3 MESES UTIL INTERNET ATIVIDD DE LAZER"
"571",1189,"V22048",1,"ÚLT 3 MESES UTIL INTERNET BUSCAR INFORMAÇÕES"
"572",1190,"V22005",1,"PRINCIPAL MOTIV NÃO USOU INTERNET NOS ÚLT 3 MESES"
"573",1191,"V22006",1,"TEM TEL CELULAR P USO PESSOAL"
"574",1192,"V1701",1,"INFORMANTE P 17"
"575",1193,"V1702",2,"Nº ORDEM DO INFORMANTE P 17"
"576",1195,"V7731",1,"ÚLT VEZ FEZ EXAME CL MAMAS"
"577",1196,"V7732",1,"EXAME FOI COBERTO POR PLANO SAÚDE"
"578",1197,"V7733",1,"PAGOU POR ESTE EXAME"
"579",1198,"V7734",1,"EXAME FEITO P SUS"
"580",1199,"V7741",1,"ÚLTIMA VEZ FEZ MAMOGRAFIA"
"581",1200,"V7742",1,"ÚLT MAMOG TEVE COBERT PLANO SAÚDE"
"582",1201,"V7743",1,"PAGOU POR ESTA MAMOGRAFIA"
"583",1202,"V7744",1,"ÚLT MAMOG FOI PELO SUS"
"584",1203,"V7751",1,"QD ÚLT VEZ FEZ PREV CANCER COLO ÚTERO"
"585",1204,"V7752",1,"ÚLT EX PREV TEVE COBERT PLANO SAÚDE"
"586",1205,"V7753",1,"PAGOU P ESTE EXAME"
"587",1206,"V7754",1,"ÚLT EX PREV FOI PELO SUS"
"588",1207,"V7755",1,"JA RETIROU ÚTERO"
"589",1208,"V7756",1,"QT TEMPO FEZ ESTA CIRURGIA"
"590",1209,"V1301",1,"INFORMANTE P 13"
"591",1210,"V1302",2,"Nº ORDEM DO INFORMANTE P 13"
"592",1212,"V1303",1,"COMO CONSIDERA S PP EST DE SAÚDE"
"593",1213,"V3304",1,"DUAS ULT SEMANAS DEIX REAL ATIV HABIT"
"594",1214,"V1305",2,"DUAS ULT SEMANAS QTS DIAS NÃO REALIZOU"
"595",1216,"V1306",2,"PRINC MOTIVO NÃO REALIZOU"
"596",1218,"V1307",1,"DUAS ULT SEMANAS EST ACAMADO"
"597",1219,"V1308",2,"QTS DIAS ESTEVE ACAMADO"
"598",1221,"V1309",1,"ALG MÉD OU PROF SAÚ DIS TER DOENÇA COLUNA OU COSTA"
"599",1222,"V1310",1,"ALG MÉD OU PROF SAÚ DIS TER ARTRITE OU REUMAST"
"600",1223,"V1311",1,"ALG MÉD OU PROF SAÚ DIS TER CÂNCER"
"601",1224,"V1312",1,"ALG MÉD OU PROF SAÚ DIS TER DIABETES"
"602",1225,"V1313",1,"ALG MÉD OU PROF SAÚ DIS TER BRONQU OU ASMA"
"603",1226,"V1314",1,"ALG MÉD OU PROF SAÚ DIS TER HIPERT (PRES ALT)"
"604",1227,"V1315",1,"ALG MÉD OU PROF SAÚ DIS TER DOENÇA DO CORAÇÃO"
"605",1228,"V1316",1,"ALG MÉD OU PROF SAÚ DIS TER INSUF RENAL CRON"
"606",1229,"V1317",1,"ALG MÉD OU PROF SAÚ DIS TER DEPRESSÃO"
"607",1230,"V1318",1,"ALG MÉD OU PROF SAÚ DIS TER TUBERCULOSE"
"608",1231,"V1319",1,"ALG MÉD OU PROF SAÚ DIS TER TENDINITE OU TENOS"
"609",1232,"V1320",1,"ALG MÉD OU PROF SAÚ DIS TER CIRROSE"
"610",1233,"V1321",1,"TEM DIR PL SAÚDE, MÉDI,ODONT,PART,EMPRE OU PUBL"
"611",1234,"V1322",1,"PL SAÚ É MUNICIPAL,ESTADUAL MILITAR"
"612",1235,"V3322",1,"TEMPO S INTERR TEM ESTE PL SAÚ"
"613",1236,"V1323",1,"COMO CONSIDERA ESTE PL SAÚ"
"614",1237,"V1324",1,"É TITULAR OU DEPEND"
"615",1238,"V1325",1,"TITULAR MORA NESTE DOMIC"
"616",1239,"V1326",2,"Nº ORDEM DO TITULAR"
"617",1241,"V1327",1,"TEM DEP OU AGREGADO NESTE PL SAÚ"
"618",1242,"V1328",1,"TEM DEP OU AGREGADO MORADOR NO DOMIC"
"619",1243,"V1329",2,"TOT MORADORES DEP OU AGREGADOS NO PLA SAÚ"
"620",1245,"V1330",1,"TEM ALG NÃO MORA NESTE DOM DEP OU AGREG PLA SAÚ"
"621",1246,"V1331",2,"TOT PES NÃO MORAM NESTE DOM DEP OU AGREG PLA SAÚ"
"622",1248,"V1332",1,"QUEM PAGA MENSALIDADE"
"623",1249,"V1333",1,"VALOR DA MENSALID PLA SAÚ"
"624",1250,"V1334",1,"ATENDIM DE SAÚDE DO PP PLANO"
"625",1251,"V1335",1,"OFERECE LISTA MED, HOSP, LAB CREDENC"
"626",1252,"V1336",1,"PERMITE REEMBOLSO DE PAGAM"
"627",1253,"V1337",1,"ATENDE A OUTROS MUNIC DA FED"
"628",1254,"V3337",1,"TEM DIREITO A ATENDIM EM OUTRA UNID DA FED"
"629",1255,"V1338",1,"DÁ DIREITO A CONSULTAS MÉDICAS"
"630",1256,"V1339",1,"DÁ DIREITO A EXAMES COMPLEMENTARES"
"631",1257,"V1340",1,"DÁ DIREITO A INTERNAÇÕES HOSPITAL"
"632",1258,"V3340",1,"TIPO DE ACOMODAÇÃO HOSPITAL"
"633",1259,"V1341",1,"DÁ DIREITO A MEDICAM FORA DA INTER"
"634",1260,"V1342",1,"DÁ DIREITO A ASSIST ODONTOLÓGICA"
"635",1261,"V1343",1,"COBRA ALGUM VALOR P ATENDIM"
"636",1262,"V3343",2,"TEM DIREITO A QTOS PLAN SAÚDE PART,EMPRES OU PÚBL"
"637",1264,"V1344",1,"TEM PLANO SÓ PARA ODONTOLÓG"
"638",1265,"V1345",1,"COSTUMA PROCURAR SMP OS MESMOS SERVIÇOS"
"639",1266,"V1346",2,"QDO DOENTE ONDE COSTUMA PROCURAR"
"640",1268,"V1347",1,"ÚLTIMOS DOZES MES CONSULTOU MÉD"
"641",1269,"V1348",2,"QTAS VEZES  CONSULTOU NOS ÚLT DOZE MES"
"642",1271,"V3348",1,"UTILIZA MEDICAM USO CONTÍNUO"
"643",1272,"V33481",1,"MEDICAMT USO CONT FOI GRATUITO"
"644",1273,"V33482",1,"MEDICAMT USO CONT COMPR TDS, PARTE OU NENHUM"
"645",1274,"V3349",1,"QDO FOI DENTISTA ULTI VEZ"
"646",1275,"V3491",1,"ÚLT VEZ DENT FOI COBERT PLA SAÚ"
"647",1276,"V3492",1,"PAGOU AO DENTISTA"
"648",1277,"V3493",1,"ÚLT VEZ DENT FOI PELO SUS"
"649",1278,"V1350",1,"DUAS ÚLT SEMAN PROC ATEND PARA PP SAÚDE"
"650",1279,"V3351",2,"PRINC MOTIV PROC ATENDIM SAÚ DUAS ÚLT SEMAN"
"651",1281,"V1352",2,"QTS VEZES PROC ATEND POR ESTE MM MOTIV"
"652",1283,"V1353",2,"ONDE PROC O PRIM ATEND POR ESTE MM MOTIV"
"653",1285,"V1354",1,"NESTA PRIM VEZ PROC ATEND FOI ATENDIDO"
"654",1286,"V3355",1,"MOTIV NÃO FOI ATENDIDO DUAS ÚLT SEMAN"
"655",1287,"V1356",1,"DUAS ÚLT SEMAN VOLT PROC ATENDIM MM MOTIV"
"656",1288,"V1357",2,"ONDE PROC ÚLTIM ATEND MM MOT"
"657",1290,"V1358",1,"ÚLTIM VEZ PROC, DUAS ÚLT SEMAN FOI ATEND"
"658",1291,"V3359",1,"PQ NÃO FOI ATEND DUAS ÚLT SEMAN"
"659",1292,"V3602",2,"PRINC ATENDIM QUE RECEBEU"
"660",1294,"V1361",1,"ERA SERVIÇO PUBL, PART NÃO SABE"
"661",1295,"V1364",1,"FOI COBERTO POR PLAN SAÚDE"
"662",1296,"V1365",1,"PAGOU POR ESTE ATEND NAS DUAS ÚLT SEMAN"
"663",1297,"V1366",1,"ATENDIMENTO FEITO PELO SUS"
"664",1298,"V1367",1,"COMO CONSIDERA ESTE ATENDIM"
"665",1299,"V3367",1,"FOI RECEITADO ALG MEDIC"
"666",1300,"V3671",1,"RECEBEU GRÁTIS REMÉD"
"667",1301,"V3672",1,"COMPROU TDS, PARTE OU NENHUM MEDIC RECEIT"
"668",1302,"V3673",2,"PRINC MOTIV NÃO TER COMPRADO TDS MEDIC"
"669",1304,"V3368",2,"DUAS ÚLT SEMAN PQ NÃO PROCU SERV SAÚ"
"670",1306,"V1369",1,"DOZE ÚLTIM MES ESTEV INTERNAD"
"671",1307,"V1370",2,"QTS VEZES ESTEV INTERN"
"672",1309,"V3371",2,"QTS MESES PERMAN INTERNAD"
"673",1311,"V3372",2,"QTS DIAS PERMAN INTERNAD"
"674",1313,"V1372",1,"PRINC ATEND RECEB QDO INTERNADO ÚLTIM DOZE MES"
"675",1314,"V1373",1,"ESTABELEC PÚBL, PARTIC NÃO SABE"
"676",1315,"V1374",1,"ÚLT INTERNAÇ FOI COBERTA POR PLA SAÚ"
"677",1316,"V1375",1,"PAGOU EST ÚLTI INTERNAÇ OCORR ÚLT DOZE MES"
"678",1317,"V1376",1,"ÚLT INTERNAÇ FOI FEITA PELO SUS"
"679",1318,"V1377",1,"COMO CONSIDERA ESTE ATEND"
"680",1319,"V3378",1,"ÚLT DOZE MES TV ATENDIM EMERG NO DOMIC"
"681",1320,"V3379",1,"NESTE ATEND FOI REMOV POR AMBULÂN"
"682",1321,"V3791",1,"ESTE ATENDIM FOI COBERTO PLA SAÚ"
"683",1322,"V3792",1,"PAGOU POR ESTE ATENDIM"
"684",1323,"V3793",1,"ESTE ATENDIMEN FOI FEITO PELO SUS"
"685",1324,"V3794",1,"ESTE ATENDIM FOI PEL CORPO DE BOMBEIROS"
"686",1325,"V1380",1,"ÚLT DOZE MES SOFREU ALG TIPO DE VIOLÊNCIA"
"687",1326,"V1381",1,"ÚLT DOZE MES DEIX REAL QQ ATIVID PQ VIOLÊN"
"688",1327,"V1382",1,"ÚLT DOZE MES PROC SERV SAÚ POR CAUS VIOLÊN"
"689",1328,"V1383",1,"FREQ DIRIGE OU ANDA AUTÓM OU VAN"
"690",1329,"V1384",1,"FREQ USA CINTO SEG DIRIGE OU ANDA CM PASSAG BC FRENT"
"691",1330,"V1385",1,"FREQ USA CINTO SEG DIRIGE OU ANDA CM PASSAG BC TRAS"
"692",1331,"V1386",1,"ÚLT DOZE MES SE ENVOL ACIDENT TRÃNS"
"693",1332,"V3386",2,"ÚLT DOZE MES QTS ACIDENT TRÃNS SOFREU"
"694",1334,"V33861",1,"ERA CONDUTOR OU CARONA CARR,ONIB, BICICL ,PEDESTR"
"695",1335,"V1387",1,"ÚLT DOZE MES DEIX REAL QQ ATIVID POR ACIDEN TRÂNS"
"696",1336,"V1388",1,"ÚLT DOZE MES FOI INTERN POR ACIDEN TRÂNS"
"697",1337,"V1389",1,"TRINTA ÚLT DIAS, MÉDIA QTS HRS SENTADO ASS TV FR TRAB"
"698",1338,"V1390",1,"TRINTA ÚLT DIAS, MÉDIA QTS HRS USOU COMPUT OU JOGOU"
"699",1339,"V1401",1,"INFORMANTE  PARTE 14"
"700",1340,"V1402",2,"Nº ORDEM DO INFORMANTE   PARTE 14"
"701",1342,"V1403",1,"PROBL SAÚ TEM DIFICUL ALIMENT,BANHO OU IR AO BANHEI"
"702",1343,"V1404",1,"PROBL SAÚ TEM DIF CORRER,LEVAN OBJS PES, PRT ESPTES"
"703",1344,"V1405",1,"PROBL SAÚ TEM DIF EMPURR MESA CONSERT DOM"
"704",1345,"V1406",1,"PROBL SAÚ TEM DIF SUBIR LADEI OU ESCADA"
"705",1346,"V1407",1,"PROBL SAÚ TEM DIF ABAIX, AJOELH OU CURVAR"
"706",1347,"V1408",1,"PROBL SAÚ TEM DIF ANDAR MAIS Q UM KM"
"707",1348,"V1409",1,"PROBL SAÚ TEM DIF ANDAR 100 METROS"
"708",1349,"V14091",1,"PROBL SAÚ TEM DIF FAZER COMP ALIMN,MEDIC SEM AJUD"
"709",1350,"V1410",1,"COSTUMA IR A PÉ OU BICLTA P TRAB"
"710",1351,"V1411",1,"TEMPO GASTO IR E VOLT DO TRAB"
"711",1352,"V1412",1,"NO TRAB ANDA, CARRG PESO OU QQ ATIV ESFORÇ FÍS"
"712",1353,"V1413",1,"QUEM COST FAZER FAXI NA CASA"
"713",1354,"V1414",1,"ÚLT MES PRATICOU ALG EXERC FÍS OU ESPORTE"
"714",1355,"V1415",1,"PRINC MODALIDD DO EXERC FÍS OU ESPORT Q PRAT"
"715",1356,"V1416",1,"QTS DIAS POR SEMAN PRAT EXERC FÍS OU ESPORT"
"716",1357,"V1417",1,"QTO DURA ESTA ATIVIDD"
"717",1358,"V2801",1,"ATUALMT FUMA PROD TABACO"
"718",1359,"V2802",1,"NO PASSADO FUMOU PROD TABC DIARIAMENT"
"719",1360,"V2803",1,"NO PASSADO FUMOU ALGUM PROD TABC"
"720",1361,"V2804",1,"SOMANDO TDS CIGARROS CHEGA 5 MAÇS OU 100 CIGARS"
"721",1362,"V28051",1,"CLASSE DE CIGARROS INDUSTR"
"722",1363,"V8201",3,"QUANTIDADE DE CIGARROS INDUST"
"723",1366,"V28052",1,"CLASSE DE CIGARR PALHA OU ENROL A MÃO"
"724",1367,"V8202",3,"QUANTIDADE DE CIGARROS PALHA OU ENROL A MÃO"
"725",1370,"V28053",1,"CLAS DE CIGARR CRAVO OU BALI"
"726",1371,"V8203",3,"QUANTIDADE DE CIGARR CRAVO OU BALI"
"727",1374,"V28054",1,"CLAS DE BIDIS OU CIGARR INDIANOS"
"728",1375,"V8204",3,"QUANTIDADE DE BIDIS OU CIGARR INDIANOS"
"729",1378,"V28055",1,"CLAS DE CACHIMBO ( CHEIOS)"
"730",1379,"V8205",3,"QUANTIDADE DE CACHIMBO ( CHEIOS)"
"731",1382,"V28056",1,"CLAS DE CHARUTOS OU CIGARRILHAS"
"732",1383,"V8206",3,"QUANTIDADE DE CHARUTOS OU CIGARRILHAS"
"733",1386,"V28057",1,"CLAS DE NARGUILÉ"
"734",1387,"V8207",3,"QUANTIDADE DE SESSÕES DE NARGUILÉ"
"735",1390,"V28058",1,"CLAS DE OUTROS"
"736",1391,"V8208",3,"QUANTIDADE DE OUTROS"
"737",1394,"V28061",1,"CLAS CIGARR INDUST FUMA POR SEMANA"
"738",1395,"V8209",3,"QUANT CIGARR INDUST FUMA POR SEMANA"
"739",1398,"V28062",1,"CLAS CIGAR PALHA OU ENROL A MÃO FUMA POR SEMAN"
"740",1399,"V8210",3,"QUANT CIGAR PALHA OU ENROL A MÃO FUMA POR SEMAN"
"741",1402,"V28063",1,"CLAS DE CIGARR CRAVO OU BALI FUMA POR SEMAN"
"742",1403,"V8211",3,"QUANT CIGARR CRAVO OU BALI FUMA POR SEMAN"
"743",1406,"V28064",1,"CLAS DE BIDIS OU CIGARR INDIANOS FUMA POR SEMAN"
"744",1407,"V8212",3,"QUANT DE BIDIS OU CIGARR INDIANOS FUMA POR SEMAN"
"745",1410,"V28065",1,"CLAS DE CACHIMBO ( CHEIOS) FUMA POR SEMAN"
"746",1411,"V8213",3,"QUANT DE CACHIMBO ( CHEIOS) FUMA POR SEMAN"
"747",1414,"V28066",1,"CLAS DE CHARUTS OU CIGARRILHAS FUMA POR SEMAN"
"748",1415,"V8214",3,"QUANT DE CHARUTS OU CIGARRILHAS FUMA POR SEMAN"
"749",1418,"V28067",1,"CLAS DE NARGUILÉ FUMA POR SEMAN"
"750",1419,"V8215",3,"QUANT SESSÕES DE NARGUILÉ FUMA POR SEMAN"
"751",1422,"V28068",1,"CLAS DE OUTROS FUMA POR SEMAN"
"752",1423,"V8216",3,"QUANT DE OUTROS FUMA POR SEMAN"
"753",1426,"V2807",1,"CLAS TEMPO PAROU DE FUMAR"
"754",1427,"V8217",3,"ANOS PAROU DE FUMAR"
"755",1430,"V8218",3,"MESES PAROU DE FUMAR"
"756",1433,"V8219",3,"SEMANAS PAROU DE FUMAR"
"757",1436,"V8220",3,"DIAS PAROU DE FUMAR"
"758",1439,"V2808",1,"CLAS ATUALM MASCA FUMO,US RAPÉ OU QQ NÃO FAZ FUMAÇ"
"759",1440,"V2809",1,"PASSADO MASC FUMO,US RAPÉ OU QQ NÃO FAZ FUMAÇ DIARIAMTE"
"760",1441,"V2810",1,"PASSADO MASC FUMO,US RAPÉ OU QQ NÃO FAZ FUMAÇ"
"761",1442,"V28069",1,"FREQ USA RAPÉ"
"762",1443,"V8222",3,"TOT VEZES USA RAPÉ"
"763",1446,"V28070",1,"FREQ USA FUMO DE MASCAR"
"764",1447,"V8223",3,"TOT VEZES USA FUMO DE MASCAR"
"765",1450,"V28071",1,"FREQ USA SNUS OU SNUFFS (USO P BOCA)"
"766",1451,"V8224",3,"TOT VEZES USA SNUS OU SNUFFS (USO P BOCA)"
"767",1454,"V28072",1,"QUANT OUTROS  1 OU + POR DIA"
"768",1455,"V8225",3,"TOTAL OUTROS  1 OU + POR DIA"
"769",1458,"V28073",1,"CLAS VEZES USA RAPÉ P SEMANA"
"770",1459,"V8226",3,"TOT DIAS USA RAPÉ NA SEMANA"
"771",1462,"V28074",1,"CLAS VEZES USA FUMO DE MASCAR P SEMANA"
"772",1463,"V8227",3,"TOT DIAS USA FUMO DE MASCAR P SEMANA"
"773",1466,"V28075",1,"CLAS VEZES USA SNUS OU SNUFFS (USO P BOCA) P SEMANA"
"774",1467,"V8228",3,"TOT DIAS USA SNUS OU SNUFFS (USO P BOCA) P SEMANA"
"775",1470,"V28076",1,"OUTROS ESPECIFIQUE  POR SEMANA"
"776",1471,"V8229",3,"TOTAL OUTROS  1 OU + POR SEMANA"
"777",1474,"V2813",1,"CLAS TEMPO PAROU MASC FUMO,US RAPÉ OU QQ NÃO FAZ FUMAÇ"
"778",1475,"V8230",3,"TOT ANOS PAROU MASC FUMO,US RAPÉ OU QQ NÃO FAZ FUMAÇ"
"779",1478,"V8231",3,"TOT MESES PAROU MASC FUMO,US RAPÉ OU QQ NÃO FAZ FUMAÇ"
"780",1481,"V8232",3,"TOT SEMANAS PAROU MASC FUMO,US RAPÉ OU QQ NÃO FAZ FUMAÇ"
"781",1484,"V8233",3,"TOT DIAS PAROU MASC FUMO,US RAPÉ OU QQ NÃO FAZ FUMAÇ"
"782",1487,"V2814",1,"INFORMANTE PARTE 28"
"783",1488,"V9993",8,"DATA GERA ARQ(AAAAMMDD)"
